{"cameraMode":{"drawMode":0,"name":"Shaded","section":"Shading Mode"},"sceneLighting":false,"audioPlay":false,"sceneViewState":{"m_AlwaysRefresh":false,"showFog":true,"showSkybox":false,"showFlares":true,"showImageEffects":true,"showParticleSystems":true,"showVisualEffectGraphs":true,"m_FxEnabled":true},"in2DMode":false,"pivot":{"x":131.46646118164063,"y":10.637887954711914,"z":80.7943344116211},"rotation":{"x":-0.007417813874781132,"y":0.7077027559280396,"z":0.0074311550706624989,"w":0.7064328789710999},"size":4.317458152770996,"orthographic":false}